{
  "generation_date": "2025-12-12T11:55:16.768442",
  "dataset_info": {
    "total_samples": 5956,
    "normal_samples": 5000,
    "anomaly_samples": 956,
    "rejected_samples": 88,
    "data_quality_score": 98.5,
    "low_resolution": false
  },
  "anomaly_distribution": {
    "normal": 5000,
    "batt_overheat": 137,
    "batt_undervoltage": 120,
    "solar_fault": 100,
    "batt_overvoltage": 96,
    "converter_failure": 80,
    "batt_overcurrent": 78,
    "eps_overheat": 70,
    "progressive_overheat": 60,
    "battery_degradation": 56,
    "oscillation_coupled": 50,
    "sensor_fault": 50,
    "solar_partial_failure": 40,
    "unknown_pattern": 19
  },
  "system_health": {
    "battery_health": 0.9851097226602945,
    "solar_efficiency": 0.9950122304230093,
    "converter_efficiency": 0.9177028152473239,
    "load_power": 0.7,
    "internal_resistance": 0.05025061348115251,
    "degradation_cycles": 50,
    "orbit_position": 0.3025925925925926,
    "thermal_mass_batt": 25.0,
    "thermal_mass_eps": 20.0,
    "thermal_history_batt": [
      3.987770582033976,
      -17.319926283831563,
      -20.44988257008079,
      15.935808521117448,
      -9.94653716557178,
      5.963759905215381,
      23.05817751551637,
      19.16957666401163,
      12.992503301704943,
      20.14559775014435
    ],
    "thermal_history_eps": [
      6.825159700170863,
      -13.4594412824493,
      -14.747679924889052,
      15.686016331619337,
      -8.937238401420965,
      8.224609982491934,
      19.179364863539426,
      13.26617235879234,
      12.88704958153031,
      15.212220206285098
    ]
  },
  "data_quality": {
    "missing_columns": [],
    "has_nan": {
      "timestamp": 0,
      "V_batt": 50,
      "I_batt": 0,
      "T_batt": 0,
      "V_solar": 0,
      "I_solar": 0,
      "V_bus": 0,
      "I_bus": 0,
      "T_eps": 0,
      "SOC": 50,
      "anomaly_type": 0,
      "orbit_sunlight": 0,
      "P_batt": 50,
      "P_solar": 0,
      "P_bus": 0,
      "converter_ratio": 0,
      "charge_efficiency": 29,
      "delta_V_batt": 0,
      "delta_I_batt": 0,
      "delta_T_batt": 0,
      "delta_V_bus": 0,
      "delta_I_bus": 0,
      "delta_SOC": 0,
      "rolling_std_V_batt": 0,
      "rolling_mean_V_batt": 0,
      "rolling_std_I_batt": 0,
      "rolling_mean_I_batt": 0,
      "rolling_std_T_batt": 0,
      "rolling_mean_T_batt": 0,
      "V_batt_V_bus_ratio": 50,
      "power_balance": 50
    },
    "data_integrity": true,
    "physical_consistency": "HIGH"
  }
}