{
  "window_size": 30,
  "stride": 5,
  "thresholds": {
    "T_batt_critical": 60.0,
    "V_batt_critical_min": 3.0,
    "I_batt_warning": 2.5,
    "V_bus_oscillation": 0.5,
    "converter_ratio_min": 0.7,
    "T_batt_warning": 50.0
  },
  "dataset_shape": {
    "sequences": [
      1186,
      30,
      7
    ],
    "features": [
      1186,
      42
    ],
    "labels": 1186
  },
  "feature_names": [
    "V_batt_mean",
    "V_batt_std",
    "V_batt_max",
    "V_batt_min",
    "V_batt_trend",
    "I_batt_mean",
    "I_batt_std",
    "I_batt_max",
    "I_batt_min",
    "I_batt_trend",
    "T_batt_mean",
    "T_batt_std",
    "T_batt_max",
    "T_batt_min",
    "T_batt_trend",
    "V_bus_mean",
    "V_bus_std",
    "V_bus_max",
    "V_bus_min",
    "V_bus_trend",
    "I_bus_mean",
    "I_bus_std",
    "I_bus_max",
    "I_bus_min",
    "I_bus_trend",
    "V_solar_mean",
    "V_solar_std",
    "V_solar_max",
    "V_solar_min",
    "V_solar_trend",
    "I_solar_mean",
    "I_solar_std",
    "I_solar_max",
    "I_solar_min",
    "I_solar_trend",
    "P_batt_mean",
    "P_batt_var",
    "converter_ratio_mean",
    "converter_ratio_std",
    "converter_efficiency",
    "corr_V_I",
    "oscillation_score"
  ],
  "generation_date": "2025-12-12T11:55:59.171922",
  "base_dataset": "pro_eps_dataset.csv",
  "derived_from": "EPS MCU Simple Dataset",
  "dataset_type": "Complex Temporal Sequences for LSTM/Autoencoder",
  "normalization_applied": true,
  "scaler_parameters": {
    "sequence_scaler_mean": [
      7.74712403035408,
      0.7553197582911721,
      4.9368718381113865,
      7.697801124227155,
      0.48979657110736285,
      10.075364221472757,
      0.75287577290612
    ],
    "sequence_scaler_scale": [
      0.8452370546620577,
      1.3247477140274588,
      17.911925723717694,
      0.5469690398918328,
      0.15184228467356276,
      7.680634451674248,
      0.6671922389148899
    ],
    "feature_scaler_mean": [
      7.812246455784869,
      0.3129522358148806,
      8.308546374367621,
      6.792055649241138,
      0.0003329522966307513,
      0.7553197582911754,
      0.8621447220823798,
      2.0774966273187143,
      -1.520072512647558,
      0.00018674056052535678,
      4.936871838111292,
      9.860100235335615,
      40.91180438448566,
      -7.367453625632386,
      -0.005245944997908612,
      7.697801124227116,
      0.4241213168209105,
      8.079726812816203,
      6.049992411467128,
      -8.222214302211545e-05,
      0.48979657110736435,
      0.04842165590707965,
      0.5937133220910621,
      0.3929620573355821,
      -2.243264485367073e-05,
      10.075364221472734,
      1.9386162266448979,
      12.69508347386173,
      5.636666947723428,
      -0.0012812604223919773,
      0.7528757729061251,
      0.33362751400416313,
      1.3337529510961226,
      0.17784738617200654,
      9.405616508489305e-06,
      6.310985010065323,
      55.45250805322351,
      3.863670218385011,
      0.9887298620451316,
      3.863670218385011,
      0.34192610840085047,
      0.6350526254579365
    ],
    "feature_scaler_scale": [
      0.3149495302332657,
      0.13367028851507118,
      0.2897002549729194,
      0.6910153674484191,
      0.009812500207335885,
      0.9398426902226252,
      0.39801466664456087,
      1.0973120202966198,
      0.9254734369130383,
      0.03481480254056371,
      14.01798994264527,
      5.603464169049957,
      23.434812438172486,
      11.160936140825575,
      0.36563197182575846,
      0.2914347521131054,
      0.20432729202770825,
      0.2666734357253174,
      1.017056670299195,
      0.012410662830911934,
      0.14319981109599908,
      0.017122036059627026,
      0.16213352118754976,
      0.1445399846433211,
      0.004953055690814303,
      7.109047739063979,
      2.2331269353058154,
      7.424565900332344,
      6.1930447829953374,
      0.22713763165075093,
      0.537831648224619,
      0.2234961875914746,
      0.8508866195352403,
      0.2310062331289623,
      0.01829192881399815,
      7.509286869596943,
      40.69051317481494,
      3.8574691080170047,
      1.2377658172307096,
      3.8574691080170047,
      0.31103768857873865,
      0.06817035994681314
    ]
  },
  "input_features": [
    "V_batt",
    "I_batt",
    "T_batt",
    "V_bus",
    "I_bus",
    "V_solar",
    "I_solar"
  ],
  "output_labels": [
    "NORMAL",
    "WARNING",
    "CRITICAL"
  ],
  "purpose": "Training advanced AI models (LSTM, Autoencoder, GRU) for temporal anomaly detection"
}