Label,Count,Percentage
NORMAL,0,0.0
WARNING,775,65.34569983136593
CRITICAL,411,34.654300168634066
TOTAL,1186,100.0
