{
  "anomaly_thresholds": {
    "normal_threshold": 0.6091226281233376,
    "warning_threshold": 0.8377888951216337,
    "critical_threshold": 1.0664551621199299,
    "training_stats": {
      "mean_error": 0.38045636112504155,
      "std_error": 0.22866626699829606,
      "min_error": 0.03640969871822971,
      "max_error": 1.1844010416516693,
      "training_samples": 949
    }
  },
  "training_date": "2025-10-23T16:52:02.082404",
  "model_architecture": "LSTM Autoencoder",
  "input_shape": [
    30,
    7
  ],
  "dataset_info": {},
  "training_samples": 949,
  "validation_samples": 238
}